entity1,type1,entity2,type2
Michael H. Fuchs,Name,U.S. Department of State,Org
Recept Tayyip Erdogan,Name,Der Spiegel,Org
Recept Tayyip Erdogan,Name,Spiegel Online,Org
Obama,Name,Democratic,Org
Huckabee,Name,Gingrich,Org
Romney,Name,Daniels,Org
Romney,Name,Gingrich,Org
Rahm Emanuel,Name,Hitlers T,Org
McGuinness,Name,St Andrews,Org
Palin,Name,Facebook,Org
Charles Grassley,Name,Senate Finance Committee,Org
Liz,Name,Keep America Safe,Org
Philip Crowley,Name,State Department,Org
Hillary Rodham Clintons,Name,State,Org
Biden,Name,MSNBC,Org
Mark Sedwill,Name,NATO,Org
Chernick,Name,Fairtmook Foundation,Org
David H. Petraeus,Name,U.S. Central Command,Org
Obama,Name,Defense,Org
Rahm Emanuel,Name,White House,Org
Jalil,Name,NTC,Org
Karzai,Name,Walter Reed Army Medical Center,Org
Obama,Name,Congress,Org
Ali Tarhouni,Name,Muslim Brotherhood,Org
DeMint,Name,Foreign Relations Committee,Org
Robinson,Name,BBC,Org
John Manion,Name,NENA,Org
Brooke Shearer,Name,International Center for Research of Women,Org
Brooke Shearer,Name,ICRW,Org
Melanne S. Verveer,Name,Global Women's Issues U.S. Department,Org
Carter,Name,CNN,Org
Ralph Nader,Name,Dow Chemical,Org
Powell,Name,U.S. Chamber of Commerce,Org
Fezzan,Name,GNC,Org
Fezzan,Name,Tripolitania,Org
Netanyahu,Name,Washington Post,Org
Netanyahu,Name,Obamas,Org
Judith,Name,Muslim,Org
Jacqueline Newmyer,Name,Long Term Strategy Group,Org
Avner Cohen,Name,James Martin Center for Nonproliferation Studies,Org
Paterson,Name,WJC,Org
Ben Bemanke,Name,Federal Reserve Board,Org
Boehner,Name,DNC,Org
Jeff Bader,Name,National Security Council,Org
Jeff Bader,Name,Campbell,Org
Huma,Name,Blair House,Org
Allen Drury,Name,Senate,Org
Tony,Name,Office,Org
Karl Rove,Name,Chamber of Commerce,Org
Geller,Name,New York Times,Org
Petraeus,Name,CIA,Org
Arianna Huffington,Name,University of Louisville Kentucky Author Forum,Org
Mitch McConnell,Name,GOP,Org
Rascon,Name,Associated Press,Org
Eliot Shapleigh,Name,FBI,Org
Obama,Name,White House,Org
George Yeos,Name,Lee Kuan Yew School of Public Policy,Org
Frazer,Name,DUP,Org
Benjamin,Name,Amb,Org
Hillary Clinton,Name,State,Org
Hillary Clinton,Name,United Nations Security Council,Org
Forman,Name,Maya Angelou Public Charter School Board of Directors,Org
Richard Downie,Name,Center for Strategic and International Studies,Org
Ivo H. Daaider,Name,NATO,Org
Obama,Name,Tea Party,Org
Carlyle,Name,Boeing,Org
Carlyle,Name,Blackstone,Org
Carlyle,Name,AECOM,Org
Carlyle,Name,Alcoa,Org
John Ging,Name,UNRWA,Org
Mother Teresa,Name,Roman Catholic,Org
Alan Bersin,Name,DHS,Org
Joe,Name,IFI,Org
Janua,Name,Mills,Org
Obama,Name,New York Times,Org
Steve Clemons,Name,New America Foundation,Org
Nancy Pelosi,Name,House Appropriations Committee,Org
Lal Masjid,Name,Pakistan Taliban,Org
Darling,Name,Sky News,Org
Haqqani,Name,ISI,Org
Brown,Name,House of Commons Wednesday,Org
Shah,Name,USDA,Org
Shah,Name,Bill & Melinda Gates Foundation,Org
Faisal Shahzad,Name,Taliban,Org
Pat Lang,Name,Wash Post,Org
Kelly,Name,Cingular Xpress Mail,Org
Cheryl D,Name,Mills,Org
John Boehner,Name,House,Org
Stephen Hesford,Name,Labour,Org
Stephen Hesford,Name,Wirral West,Org
Brown,Name,Wirral West,Org
Osama Bin Laden,Name,IDF,Org
Obama,Name,KWIN-uh-pe-ack) University,Org
Obama,Name,Quinnipiac,Org
Lee Fisher,Name,Ohios U.S. Senate,Org
Ronald L. Burgess,Name,Senate Armed Services Committee,Org
L. Burgess Jr.,Name,Senate Armed Services Committee,Org
James E. Cartwright,Name,Joint Chiefs of Staff,Org
Alan McFarland,Name,UUP,Org
Lady Hermon,Name,UUP,Org
Henry McDonaid,Name,UUP,Org
Trimble,Name,UUP,Org
Trimble,Name,Stormont assembly,Org
Andrew Rawnsley,Name,Labour,Org
Jalaluddin Haqqani,Name,Taliban,Org
Krista Gesaman,Name,Citizens United v. Federal Elections Commission,Org
Ronnie Heyman,Name,Benjamin N. Cardozo School of Law,Org
Irving Kristol,Name,American Enterprise Institute,Org
McChrystal,Name,NATO,Org
Jack Murtha,Name,Congress,Org
Jack Murtha,Name,Marine Corps,Org
Armey,Name,FreedomWorks,Org
Richard Wolfe,Name,Newsweek,Org
Glen,Name,Navy,Org
Sarah Palin,Name,Tea Party,Org
Sarah Palin,Name,Tea Party,Org
Palin,Name,Obamas,Org
Cheryl D,Name,Mills,Org
Huma,Name,FSI,Org
Goldwater,Name,Birch Society,Org
Jaime Bermudez,Name,DCA,Org
Jaime Bermudez,Name,SBU,Org
Goldwater,Name,Republican Presidential,Org
Robert Welch,Name,Birch Societys,Org
Olmert,Name,Islam,Org
Newt Gingrich,Name,House,Org
Obama,Name,Al Arabiya,Org
Gordon Brown,Name,Labour,Org
Gordon Brown,Name,Tony Blairs,Org
Obama,Name,Brookings Institution,Org
Qadhafi,Name,INC,Org
Bush,Name,Pew Research Center,Org
Cheryl,Name,Mills,Org
Petraeus,Name,Pentagon,Org
Clegg,Name,Foreign Press Association,Org
Patrick Murphy,Name,D,Org
Hillary,Name,Senate,Org
Melanne,Name,UN,Org
Andrew Wilder,Name,Tufts University,Org
Clinton,Name,Gallup,Org
Clintons,Name,Clarus,Org
Clinton,Name,Obamas,Org
Boehner,Name,House,Org
Boehner,Name,Congress,Org
Robert Gates,Name,Defense,Org
Phil,Name,GSMA,Org
Robert Gibbs,Name,White House,Org
Geithner,Name,New York Fed,Org
Geithner,Name,Lehman Brothers,Org
Timothy Geithner,Name,Treasury,Org
Beck,Name,Tea Party,Org
Skousen,Name,Tea Party,Org
Benson,Name,John Birch Society,Org
Beck,Name,Tea Party,Org
Thurgood Marshall,Name,Justice\ during Elena Kagans Supreme Court,Org
Jim Crow,Name,Federal Reserve,Org
David McKittrick,Name,Sinn Fein,Org
Diane von Furstenburg,Name,Pharma,Org
Jeff Sessions,Name,Republican,Org
Mel • Zelaya,Name,WHITE HOUSE Office of the Press,Org
Melissa Cohlmia,Name,Kochs,Org
Charles,Name,Koch Industries,Org
Robinson,Name,BBC,Org
David Rothkopf,Name,Carnegie Endowment for International Peace,Org
Kirk,Name,BBC,Org
Ed Crane,Name,Cato Institutes,Org
Samuel Freedman,Name,Columbia Journalism School,Org
Samuel Freedman,Name,New York Times,Org
Jana Winter,Name,New York Post,Org
Almontaser,Name,Post,Org
Oren Segal,Name,ADL,Org
Almontaser,Name,New York Mayor Michael Bloomberg,Org
Almontaser,Name,Equal Employment Opportunity Commission,Org
Nancy Pfotenhauer,Name,Koch Industries,Org
Mary Beth Jarvis,Name,Koch,Org
Japen,Name,SBU,Org
Steve,Name,USIP Middle East,Org
Newt Gingrich,Name,House,Org
Alejandro Wolff,Name,United Nations,Org
Noam N. Levey,Name,Los Angeles Times Spending,Org
Anne-Marie Slaughter,Name,Policy Planning U.S. Department of State,Org
Yeo,Name,ASEAN,Org
Klain,Name,Al Gores,Org
Cheryl,Name,Mills,Org
Obama,Name,White House,Org
Leslie H. Gelb,Name,New York Times,Org
Larry Summers,Name,White House,Org
Larry Summers,Name,National Economic Council,Org
Geithner,Name,National Economic Council,Org
Obama,Name,CNN,Org
Coakley,Name,White House,Org
Obama,Name,Lorain County Community College,Org
Lloyd Blankfein,Name,Goldman Sachs,Org
Jack,Name,Armed Services Committee,Org
Fox,Name,ABC,Org
Fox,Name,NBC,Org
Isaacson,Name,BBG,Org
Gillibrand,Name,White House,Org
Hazel OLeary,Name,WJC,Org
Gore,Name,WJC,Org
Gore,Name,WJC,Org
Chelsea,Name,WJC,Org
Melanne S. Verveer,Name,Global Women's Issues U.S. Department,Org
Reg Empey,Name,Ulster Unionist,Org
Reg Empey,Name,IMG SRC,Org
Andrew Sparrow,Name,IMG SRC,Org
Henry McDonald,Name,IMG SRC,Org
Lewinsky,Name,WJC,Org
Gore,Name,WJC,Org
Gore,Name,WJC,Org
Gore,Name,HRC,Org
Carl Levin,Name,Democratic,Org
Wen Ho Lee,Name,Justice Department,Org
Debra Bowen,Name,Obamas,Org
Debra Bowen,Name,State,Org
Obama,Name,Congress,Org
Charles Lewis,Name,Center for Public Integrity,Org
Hitler,Name,Obamas,Org
Kissinger,Name,HRC,Org
Nancy Murray,Name,ARC of Greater Pittsburgh,Org
Correa,Name,OAS,Org
JO,Name,PRM,Org
Matt Kibbe,Name,Tea Party,Org
Matt Kibbe,Name,Freedom Works,Org
Harold Hongju Koh,Name,Legal Adviser U.S. Department of State,Org
THOM SHANKER,Name,Defense,Org
Jennifer Brunner,Name,State,Org
Jennifer Brunner,Name,Senate,Org
Lee Fisher,Name,Senate,Org
Yedioths Ron Ben-Yishai,Name,Navy,Org
Douglas Schwartz,Name,Quinnipiac University Poll,Org
Anshel Pfeffer,Name,Haaretz,Org
Tony Blair,Name,Hamas,Org
George W. Bush,Name,Koch Industries,Org
Soros,Name,USG,Org
Soros,Name,SCA,Org
Bush,Name,Koch Industries,Org
Andrew Wachtel,Name,AUCA,Org
Andrew Wachtel,Name,AUCA,Org
Andrew Wachtel,Name,Northwestern University,Org
Mike Michael H.,Name,U.S. Department of State,Org
Max Bpuf,Name,Senate Finance Committee,Org
Max Baucus,Name,Senate Finance Committee,Org
Reg Empey,Name,UUP,Org
Stupak,Name,Congress,Org
Stupak,Name,U.S. Conference of Catholic Bishops,Org
Nancy Pelosi,Name,House,Org
Hillary Clinton,Name,State,Org
Bob Gates,Name,State,Org
Gerry Adams,Name,Sinn Fein,Org
Robert Strauss,Name,Koch IndustrieS,Org
Amcit,Name,Shanghai • During China Airlines,Org
Sarah Palin,Name,Facebook,Org
Barbour,Name,ABC News,Org
Pawlenty,Name,Minnesota Public Radio Report,Org
Karzai,Name,Taliban,Org
Corker,Name,Shelbys,Org
Melanne S. Verveer,Name,Global Women's Issues U.S. Department,Org
Le Pen,Name,Ku Klux Klan,Org
Justin,Name,WJC,Org
Murdoch,Name,Sky News,Org
Obama,Name,Rehm Emanuel,Org
Tom Deschle,Name,Democratic Senate,Org
Biden,Name,Yedioth Ahronoth,Org
George Pataki,Name,Kochs,Org
Tauzin,Name,White House,Org
Sarah Fenn,Name,White House,Org
Greg Mortensons,Name,USAID,Org
Cheryl,Name,Mills,Org
Mark Laity,Name,NATO,Org
Conway,Name,Secret Service,Org
Tauzin,Name,Senate Finance Committee,Org
Mullen,Name,CENTCOM,Org
Anthony Weiner,Name,Congressional Budget Office,Org
Ben Rhodes,Name,UNGA,Org
Mark Wilson,Name,Getty Images,Org
John Kerry,Name,Fogg,Org
John Kerry,Name,NSC,Org
Tom Donilon,Name,NSC,Org
Hillary,Name,Brooke Memorial Fellowship,Org
Beck,Name,White House,Org
Beck,Name,Acorn,Org
Bernie Sanders,Name,Senate,Org
McConnell,Name,Senate,Org
Mitch McConnell,Name,Senate,Org
McConnell,Name,Times,Org
Obama,Name,Congress,Org
Spanta,Name,NYU,Org
Cheryl,Name,Mills,Org
Steny Hoyer,Name,Democratic Majority Leader of the House,Org
Mark Zandi,Name,Moodys,Org
Mark Zandi,Name,Fed,Org
Alan Blinder,Name,Fed,Org
Jake,Name,Princeton,Org
James Forman,Name,Georgetown Law School,Org
Forman,Name,SNCC,Org
Carleto,Name,SNCC,Org
Hale,Name,YM,Org
Hale,Name,GM,Org
Suleiman,Name,GM,Org
Rupert Colville,Name,UN,Org
Harold Hongju Koh,Name,Legal Adviser U.S. Department of State,Org
bin Laden,Name,Taliban,Org
Cheryl,Name,Mills,Org
bin Laden,Name,Taliban,Org
Hill,Name,Capricia's Diplomatic Women's Corp,Org
Kissinger,Name,HRC,Org
Melanne S. Verveer,Name,Global Womens Issues U.S. Department,Org
Heyman,Name,GAF Corporation,Org
Denis,Name,EU,Org
Heyman,Name,GAF,Org
Melanne S. Verveer,Name,Global Women's Issues U.S. Department,Org
Dennis Ross,Name,Mitchell,Org
Clinton,Name,State Department Staff,Org
David M. Rodriguez,Name,White House,Org
Denis McDonough,Name,NSC,Org
Joanne Lasczcych,Name,State Department Operations,Org
Daalder,Name,NATO,Org
Anne-Marie Slaughter,Name,Princetons Woodrow Wilson School of Public and International,Org
Anne-Marie Slaughter,Name,Woodrow Wilson School of Public and International Affairs,Org
Hillary Clinton,Name,State,Org
ERIC LIPTON,Name,House,Org
Lona Valmoro,Name,State,Org
Bush,Name,UN,Org
Bush,Name,Pakistani Army,Org
Howard Gardner,Name,Harvard,Org
Sun,Name,Microsoft,Org
Hillary,Name,AIPAC,Org
Vargas Llosa,Name,Tilburg University,Org
Gore,Name,WJC,Org
Robert Pape,Name,University of Chicago,Org
Frits Bolkstein,Name,People's Party for Freedom and Democracy,Org
Bolkstein,Name,Tilburg University,Org
McChrystal,Name,White House,Org
Paula Jones,Name,WJC,Org
Brainard,Name,Harvard University,Org
Fink,Name,Koch Industries,Org
Cheryl,Name,Mills,Org
Ed Crane,Name,Cato Institute,Org
Parks,Name,NBC,Org
McChrystal,Name,Pats,Org
Stalin,Name,Tea Party,Org
Clinton,Name,Netanyahus,Org
George Mitchell,Name,Obama Administration,Org
Madeleine Albright,Name,State,Org
Hillary Clinton,Name,IMG SRC,Org
Josefina Gonzalez,Name,El Paso Times,Org
David Obey,Name,House Budget Committee,Org
Bill,Name,Melinda Gates Foundation,Org
Feins Martin McGuinness,Name,UUP,Org
Welch,Name,Becks,Org
Selay Ghaffar,Name,Afghan Women's Network,Org
Huma,Name,Mitchell,Org
Nick Kristoff,Name,New York Times,Org
Lewinsky,Name,Lewinskys Silence Branch,Org
Lewinsky,Name,WJC,Org
Claudia Ivette Gonzalez,Name,Nuestras Hijas,Org
Van Jones,Name,White House,Org
Beck,Name,ACORN,Org
Lissa Muscatine,Name,Speechwriting Department of State,Org
Mark,Name,Intel,Org
Bush,Name,G-8,Org
Jamie Dimon,Name,JP Morgan Chase,Org
Nancy Pelosi,Name,House,Org
Obama,Name,Obamas,Org
Susie Chase,Name,FISA,Org
Obama,Name,WJC,Org
Cheryl D,Name,Mills,Org
CLINTON,Name,Taliban,Org
CLINTON,Name,Taliban,Org
CLINTON,Name,CNN,Org
Madeleine,Name,State,Org
Moynihan,Name,WJC,Org
Monica Lewinsky,Name,Huffington Post,Org
Marisela Ortiz,Name,Nuestras Hijas Regreso,Org
Hillary Rodham Clinton,Name,State,Org
Barack Obama,Name,White House,Org
Cowen,Name,DUP,Org
Peter Robinson,Name,Sinn Feins Martin McGuinness,Org
Robinson,Name,Traditional Unionist Voice,Org
Robinson,Name,DUP,Org
Mohamed Bujenah,Name,Libyan Herald,Org
Ahmad Bukatela,Name,Thai& Militia,Org
Eric S.,Name,NSS,Org
Fisher,Name,Portman,Org
Hillary Clinton,Name,State,Org
Gordon,Name,State,Org
Obama,Name,Shas,Org
Holbrooke,Name,Taliban,Org
Beck,Name,Tea Party,Org
Beck,Name,Fox News,Org
Obama,Name,Gallup,Org
Tauzin,Name,White House,Org
Obama,Name,New York Times/CBS News,Org
Mullah Omar,Name,ISI,Org
Petraeus,Name,Alfalfa Club,Org
Lilia Alejandra Garcia,Name,Lear Corp.,Org
Garcia,Name,El Diario,Org
Suly Ponce,Name,FBI,Org
Garcia,Name,El Paso Times,Org
Ford,Name,Naral,Org
Rascon,Name,El Paso Times,Org
Rob Portman,Name,Tot Rep Dem Ind Men Worn Evnglcl Favorable,Org
Rob Portman,Name,WtBrnAgn Tot Rep Dem Ind Men Worn Evnglcl,Org
Ehud Barak,Name,Bidens,Org
Lee Fisher,Name,WtBrnAgn Tot Rep Dem Ind Men Worn Evnglcl,Org
Lee Fisher,Name,Tot Rep Dem Ind Men Worn Evnglcl Approve,Org
Gore,Name,WJC,Org
Abdulfatah Younis,Name,INC,Org
Robertson,Name,NATO,Org
Skousen,Name,Church of Latter-Day Saints,Org
Paisley,Name,Parades Commission,Org
Jean Mackenzie,Name,GlobalPost,Org
Qadhafi,Name,TNC,Org
Edmund Muskie,Name,Senate,Org
Brimmer,Name,Amb,Org
Donald Ritchie,Name,Senate,Org
David Montgomery,Name,Washington Post,Org
Henry Jackson,Name,Frank Church,Org
Julian Assange,Name,Interpol,Org
Andy Borovvibe,Name,Sto Telling Truth,Org
Hillary Clinton,Name,State,Org
Carletos,Name,Oak Hill Academy,Org
Domenici,Name,Oak Hill Academy,Org
Robert G. Kaiser,Name,Washington Post,Org
Bush,Name,Gingrich House of Representatives,Org
Hannah Giles,Name,Acorn,Org
Sean Hannity,Name,Fox News,Org
Louise Ivers,Name,PIH,Org
Louise Ivers,Name,US Army,Org
Maya Angelou,Name,Oak Hill Academy,Org
Beck,Name,CNN,Org
Raj,Name,USDA,Org
Raj,Name,Bill & Melinda Gates Foundation,Org
Kofi Annan,Name,UN,Org
Shah,Name,Financial Services,Org
Sean Smith,Name,Air Force,Org
Juarez,Name,NAFTA,Org
Bill,Name,Policy and Finance,Org
Lona Valmoro,Name,State,Org
Alec Ross,Name,Harvard,Org
Raj,Name,Mills,Org
Hillary Clintons,Name,State,Org
Mantz,Name,Intel,Org
Mantz,Name,Delos Living,Org
Mantz,Name,McGraw Hill,Org
Mantz,Name,CITI,Org
John McCain,Name,Faux Cable,Org
Roger Altman,Name,Evercore,Org
Ashcroft,Name,Bearwood Corporate Services,Org
Ashcroft,Name,Tories,Org
Boehner,Name,GOP ATTACK Longer,Org
Simon Johnson,Name,IMF,Org
Cheryl D,Name,Mills,Org
Eduard Mulette,Name,UN Mission,Org
Gore,Name,WJC,Org
Clintons,Name,Clinton-Gore,Org
Gore,Name,WJC,Org
Gore,Name,WJC,Org
Gore,Name,WJC,Org
Gore,Name,WJC,Org
Charles \,Name,Cato Institute,Org
Steven Lee Myers,Name,New York Times,Org
Cheryl,Name,Mills,Org
McChrystal,Name,Rangers,Org
Robert Gates,Name,Defense,Org
Josh Rogin,Name,BBG,Org
Walter Isaacson,Name,BBG,Org
Walter Isaacson,Name,Time magazine,Org
Walter Isaacson,Name,BBG,Org
Walter Isaacson,Name,CNN,Org
Udall,Name,Senate,Org
Frazer,Name,DUP,Org
McChrystal,Name,Rangers,Org
McChrystal,Name,Delta Force,Org
McChrystal,Name,Navy Seals,Org
Robert Dyson,Name,Dyson-Kissner-Moran,Org
Rob McKay,Name,Taco Bell,Org
Burns,Name,NSC,Org
Steve Rosenthal,Name,America Coming Together,Org
Denton,Name,State Department,Org
Slaughter,Name,U.S. Agency for International Development,Org
Judith McHale,Name,State Department,Org
Judith McHale,Name,Discovery Communications,Org
Clintons,Name,Obamas,Org
Obama,Name,Defense,Org
Christine ODonnell,Name,Senate,Org
Christine ODonnell,Name,Fox News,Org
Tauzin,Name,Congress,Org
Allawi,Name,ISCI,Org
Fink,Name,Kochs,Org
Dudleys,Name,District of Columbia Circuit Court,Org
Amos Harel,Name,Haaretz,Org
Pfeffer,Name,Haaretz,Org
Obama,Name,Ex-Gates Foundation,Org
Bill,Name,Melinda Gates Foundation,Org
Bill,Name,Ex-Gates Foundation,Org
Obama,Name,Ex-Gates Foundation,Org
Obama,Name,Gates Foundation,Org
Obama,Name,State,Org
Hillary Rodham Clinton,Name,USAID,Org
Lona Valmoro,Name,State,Org
Anne-Marie Slaughter,Name,Policy Planning U.S. Department of State,Org
James E. Cartwrigh,Name,Joint Chiefs of Staff,Org
Biden,Name,MSNBC,Org
Snowe,Name,Finance Committees,Org
Steve Clemons,Name,New America Foundation Posted,Org
Steve Clemons,Name,American Strategy Program,Org
Jones,Name,National Security Council,Org
Jones,Name,National Security Council,Org
Tom Donilon,Name,National Security Council,Org
Charles Koch,Name,Forbes,Org
Charles Koch,Name,Cargill,Org
David,Name,Cargill,Org
Kurt,Name,Campbell,Org
Jim Johnson,Name,Sid Supreme Court Justice,Org
Mussolini,Name,Basij,Org
Cameron,Name,state,Org
Obama,Name,Congress,Org
Worthington,Name,USAID,Org
Lona Valmoro,Name,State,Org
Robert Hunter,Name,Integrating Instruments of Power,Org
Clintons,Name,WJC,Org
Benazir Bhutto,Name,HRC,Org
Benazir Bhutto,Name,CVC,Org
Pat,Name,Marines,Org
Lewinsky,Name,CVC,Org
Clintons,Name,New York Times,Org
Abby Fee,Name,Georgetown,Org
Phil Schiliro,Name,Obamas,Org
Phil Schiliro,Name,White House,Org
Jay Smith,Name,Embassy Dakar,Org
Guerra,Name,Banda Civils,Org
Max Blumenthal,Name,Salon Media Group,Org
Hillary Clinton,Name,State,Org
Turki al-Faisal,Name,AFP,Org
Turki,Name,AFP,Org
Kucinich,Name,PJAK,Org
Cheryl,Name,Mills,Org
Sanjay Gupta,Name,CNN,Org
Edmund Muskie,Name,Carter Administration,Org
Boehner,Name,House,Org
Heydar Moslehi,Name,Irans Press TV,Org
Clintons,Name,White House,Org
Jeremy Greenstock,Name,Hamas,Org
Jeremy Greenstock,Name,Hamas,Org
Obama,Name,Republican Party,Org
R. J. Reynolds,Name,UPS,Org
R. J. Reynolds,Name,Citigroup,Org
R. J. Reynolds,Name,MillerCoors,Org
R. J. Reynolds,Name,Google,Org
R. J. Reynolds,Name,Goldman Sachs,Org
Brunner,Name,Portman,Org
Shearer,Name,ICRW,Org
Jean Luc Legrand,Name,UNICEF,Org
Lynn Martin,Name,Congress to Labor,Org
Hillary Clinton,Name,State,Org
Mahmoud Jibril,Name,TNC Executive Committee,Org
Haji Majid Muqimiyan,Name,Kurdistan Va Kurdnews,Org
Anne-Marie Slaughter,Name,Policy Planning U.S. Department of State,Org
Anne-Marie Slaughter,Name,Policy Planning U.S. Department of State,Org
Mohsen Rezai,Name,PJAK,Org
Mohsen Rezai,Name,Revolutionary Guards,Org
Michelle Fluornoy,Name,DOD,Org
Heyva Taab,Name,PJAK,Org
Cheryl,Name,Mills,Org
Raul Grijaiva,Name,Progressive Caucus,Org
Christina Romer,Name,Council of Economic Advisors,Org
Christina Romer,Name,White House,Org
Heda Anabi,Name,UN,Org
Buckley,Name,John Birch Society,Org
Birchers,Name,Buckleys,Org
Birchers,Name,National Review,Org
David Miliband,Name,New Labour,Org
Lee,Name,WJC,Org
Cheryl D <MillsCD@state.gov>,Name,Mills,Org
Mike Michael H.,Name,U.S. Department of State,Org
Netanyahu,Name,Obamas,Org
Cheryl,Name,Mills,Org
Yossi Klein,Name,She/em Center,Org
Cheryl,Name,Mills,Org
Obama,Name,BBG,Org
John Whitehead,Name,State,Org
Melanne S. Verveer,Name,Global Womens Issues U.S. Department,Org
Blumenthal,Name,Center for Public Integrity,Org
Blumenthal,Name,Center for Public Integrity,Org
Hugo Chavez,Name,Citizens United,Org
Margaret Brennan,Name,CBS News,Org
Jack,Name,OMB,Org
Stanley McChrystals,Name,White House,Org
Michelle Fluornoy,Name,DOD,Org
McChrystal,Name,General Petraeus,Org
Cheryl,Name,Mills,Org
Cheryl Mills,Name,State,Org
Richard Kugler,Name,National Defense University,Org
Anne-Marie Slaughter,Name,Policy Planning U.S. Department of State,Org
William Burns,Name,State,Org
Roy Brown,Name,International Humanist and Ethical Union,Org
Bauer,Name,Fattal,Org
Mohammad Javad Larijani,Name,Irans High Council for Human Rights,Org
Obama,Name,USAID,Org
Nicholas Jahr,Name,Investigative Fund,Org
MICHAEL R. GORDON,Name,ANDREW W. LEHREN Iran,Org
Jeff Bader,Name,National Security Council,Org
Jeff Bader,Name,Campbell,Org
Denis McDonough,Name,NSC,Org
Obama,Name,White House,Org
Karzai,Name,ISI,Org
Abdul Ghani Baradar,Name,Taliban,Org
Lona Valmoro,Name,State,Org
Lissa Muscatine,Name,Speechwriting Department of State,Org
Deuel,Name,DCFS,Org
Charles G. Koch,Name,Charitable Foundation,Org
Yuli Edelstein,Name,Israel National Radio,Org
Cheryl,Name,Mills,Org
Martin,Name,Dow Jones & Company,Org
Staffan de Mistura,Name,United Nations,Org
Fox,Name,Air Force,Org
Cheryl D,Name,Mills,Org
Carleto,Name,D.C. Department of Youth Rehabilitation Services,Org
Baucus,Name,White House,Org
Obama,Name,Asian Development Bank,Org
David Domenici,Name,Oak Hill Academy,Org
Rudd,Name,ASEAN,Org
Sullivan,Name,PA,Org
Dodd,Name,Freemen's Digest,Org
Obama,Name,Supreme Court,Org
Lona Valmoro,Name,State,Org
John Damgard,Name,Futures Industry Association,Org
David,Name,Deerfield Academy,Org
Norman Ornstein,Name,American Enterprise Institute,Org
William Cohen,Name,Defense,Org
Kaminski,Name,European Parliament,Org
DeMint,Name,Committee,Org
Obama,Name,Committee,Org
Lellouche,Name,Tories,Org
Lia Tarachansky,Name,Real News Network,Org
Lellouche,Name,EU,Org
Lellouche,Name,Britains EU,Org
R. Sherman Albright,Name,Stonebridge Group,Org
Wendy R. Sherman,Name,Stonebridge Group,Org
Naomi Chazan,Name,Knesset,Org
Naomi Chazan,Name,New Israel Fund,Org
Saudabayev Holbrooke,Name,Morningstar,Org
Chazan,Name,Jerusalem Post,Org
Gideon Levy,Name,Haaretz,Org
Hagee,Name,CUFI,Org
Netanyahu,Name,Palestinian Authority,Org
Bauer,Name,Fattal,Org
Robert Gates,Name,CNN,Org
Taabs,Name,PJAK,Org
Clinton,Name,State,Org
Sid Refinance,Name,Ditech,Org
Hillary Clinton,Name,State,Org
Hillary Clinton,Name,Banish Sexual Violence Originally,Org
Reg Empey,Name,UUP,Org
Lellouche,Name,EU,Org
Robert Gibbs,Name,White House,Org
Murdoch,Name,BBC,Org
Zardari,Name,UN General Assembly,Org
Petraeus,Name,Princeton,Org
Eikenberry,Name,Harvard,Org
Bakhtiari,Name,Preliminary Analysis of Voting Figures,Org
Rafsanjani,Name,Ahmadinejad Voters,Org
Ahmadinejad,Name,Preliminary Analysis of Voting Figures,Org
David Koch,Name,Lincoln Center,Org
David Koch,Name,Americans for Prosperity Foundation,Org
Charles Lewis,Name,Center for Public Integrity,Org
Cullerton,Name,WJC,Org
Qadhafi,Name,TNC,Org
Gust H. Bardy,Name,Seattle Institute for Cardiac Research,Org
Bardy,Name,New England Journal of Medicine,Org
Boehner,Name,House,Org
Boehner,Name,House,Org
Bardy,Name,Cameron Health,Org
Kendall Marlowe,Name,DCFS,Org
Nicholas E. Calio,Name,Citigroup,Org
Kristof,Name,NY Times,Org
Jeff Jeffrey Fettman,Name,Bureau of Near Eastern Affairs Department of State,Org
Feisai Abdul Rauf,Name,Cordoba Initiative,Org
Feisai Abdul Rauf,Name,Muslim,Org
Stanley McChrystal,Name,Joint Chiefs of Staff,Org
Stanley McChrystal,Name,Pentagon,Org
David McKiernan,Name,Pentagon,Org
David McKiernan,Name,NATO,Org
Keith Reinhard,Name,Business for Diplomatic Action,Org
Brimmer,Name,SCA,Org
Bill Clintons,Name,Obamas,Org
David Rothkopf,Name,Carnegie Endowment for International Peace,Org
Cheryl D,Name,Mills,Org
Yanukovych,Name,UNGA,Org
Dick Woolcott,Name,APC,Org
Alejandro Wolff,Name,United Nations,Org
Anne-Marie Slaughter,Name,Americas,Org
Mousavi,Name,Iranian Interior Ministry,Org
Insulza,Name,Congress,Org
David Cameron,Name,BBC,Org
Turki,Name,King Faisal Center For Research and Islamic Studies,Org
Mustafa Abduljalil,Name,TNC,Org
Bauer,Name,New York Times,Org
Abduljalil,Name,TNC,Org
Peter Riddell,Name,Times,Org
Geller,Name,Cordobas,Org
Obarna,Name,Financial Times,Org
Heyva Taab,Name,Revolutionary Guards intelligence,Org
Obama,Name,White House,Org
Bill Burns,Name,State Department,Org
Moynihan,Name,WJC,Org
Bill Shillady,Name,United Methodist City Society,Org
Qadhafi,Name,NATO,Org
Cheryl,Name,Mills,Org
Tony Blair,Name,Time,Org
Kurt,Name,Campbell,Org
Denis,Name,OAS,Org
Matt Waldman,Name,Carr Centre for Human Rights at Harvard,Org
Axelrod,Name,Obamas,Org
Reno,Name,WJC,Org
Cheryl,Name,Mills,Org
Reno,Name,WJC,Org
Melanne,Name,UN,Org
McFarland,Name,Ulster Unionist,Org
Clintons,Name,Senate,Org
David Cameron,Name,Ofcom,Org
James Murdoch,Name,Ofcom,Org
Hilary Clinton,Name,UN Gen.,Org
Petraeus,Name,Joint Chiefs of Staff,Org
Wadah Khanfar,Name,Al Jazeeras,Org
Ben Fishman,Name,NSS,Org
Qataar,Name,NileSat,Org
McChrystal,Name,Congress,Org
Jackie,Name,Verizon Wireless,Org
Frank Shakespeare,Name,Nixons,Org
Maggie,Name,WJC,Org
Nixon,Name,National Review,Org
Nixon,Name,Rockefeller,Org
Welch,Name,Birch Society,Org
Sally Quinn,Name,HRC,Org
Feinman,Name,HRC,Org
Cheryl,Name,Mills,Org
DAmato,Name,Banking Committee,Org
Ronald Reagans,Name,Nixons,Org
Ronald Reagans,Name,National Review,Org
Gerald Ford,Name,National Review,Org
Bunning,Name,Senate,Org
Max Blumenthal,Name,Tea Party & Americas,Org
Clinton,Name,American Society for Industrial Security,Org
E Ann Stock,Name,Senate,Org
Udall,Name,Senate,Org
Reagan,Name,Contrast Obamas,Org
Clair,Name,Windiusii Ventures NcL P Windrush Ventures Limited,Org
Romney,Name,Muslim Brotherhood,Org
Cheryl,Name,Mills,Org
Heyman,Name,Harvard Law School,Org
Heyman,Name,Yale,Org
Heyman,Name,Justice Department,Org
Robert F. Kennedy,Name,Yale,Org
Robert F. Kennedy,Name,Justice Department,Org
Heyman,Name,GAF,Org
Heyman,Name,GAF,Org
Richard Posner,Name,7th Circuit Court of Appeals,Org
Edward Campbell,Name,Mills,Org
Jim Allister,Name,DUP,Org
Shaun Woodward,Name,republican,Org
Gerry Adams,Name,Sinn Fein,Org
Schiraldi,Name,D.C. Board of Education,Org
Domenicis,Name,Formans,Org
Jim Allister,Name,Traditional Unionist Voice,Org
Jim Allister,Name,DUP,Org
Forman,Name,Yale Law School,Org
Cheryl,Name,Mills,Org
Blanchard,Name,Intel,Org
Blanchard,Name,Microsoft,Org
Blanchard,Name,Dell,Org
Gephardt,Name,Intel,Org
Gephardt,Name,Microsoft,Org
Gephardt,Name,Dell,Org
Mike Michael H.,Name,U.S. Department of State,Org
Glenn Beck,Name,Tea Party,Org
McChrystal,Name,White House,Org
McChrystal,Name,NSC,Org
CODEL Webb,Name,Mills,Org
CODEL Webb,Name,Aung San Suu Kyi,Org
Julia,Name,Jounieh Star,Org
Samar al-Hajj,Name,LBC,Org
Delaney,Name,FISA,Org
Boehner,Name,House,Org
Paula,Name,House,Org
Rudd,Name,Association of Southeast Asian Nations,Org
Chas W. Freeman,Name,Norwegian Institute of International Affairs,Org
Chas W. Freeman,Name,Royal Norwegian Ministry of Foreign Affairs,Org
Chas W. Freeman,Name,USFS,Org
Basescu,Name,EU,Org
Clinton,Name,State Department,Org
Hillary Rodham Clinton,Name,State,Org
Cheryl,Name,Mills,Org
Miguel Angel Jaramillo,Name,Lear Corp.,Org
Paik Hak-soon,Name,YouTube,Org
Paik Hak-soon,Name,Sjong Institute,Org
Marc Sageman,Name,CIA,Org
Lad Brainard,Name,Brookings Institution,Org
Lael Brainard,Name,Wikipedia,Org
Abdelbaset al-Megrahi,Name,White House,Org
Obama,Name,Rahm,Org
Hillary Clinton,Name,State,Org
Cheryl,Name,Mills,Org
Gaddafi,Name,UN,Org
Boehner,Name,House,Org
Boehner,Name,Congress,Org
Neu,Name,York,Org
Neu,Name,Cordoba House,Org
Gellers,Name,Cordoba House,Org
Gordon,Name,Labour,Org
McChrystal,Name,Defense,Org
Hillary Jacqueline Newmyer,Name,Long Term Strategy Group,Org
Hamid Karzai,Name,Taliban,Org
Blair,Name,EU,Org
Obama,Name,Afghanistans Taliban,Org
Obama,Name,AP,Org
Cheryl,Name,Mills,Org
Sirajuddin Haqqani,Name,Haqqani Network,Org
Mullah Abdul Ghani,Name,Taliban,Org
Abdul Ghani Barader,Name,Taliban,Org
Mullah Mohammad Omar,Name,Taliban,Org
Stupak,Name,Congress,Org
Obama,Name,Reuters,Org
Obama,Name,Pentagon,Org
Eric Cantor,Name,House,Org
Stephen Carroll,Name,PSNI,Org
Netanyahu,Name,State,Org
Morrison,Name,Lincoln,Org
Cheryl,Name,Mills,Org
Gary McKeown,Name,SDLP,Org
Jackie Jacqueline Newmyer,Name,Long Term Strategy Group,Org
Melanne S. Verveer,Name,Global Womens Issues U.S. Department,Org
Carla Bruni,Name,Daily Mail Catty Carla Bruni,Org
Farahnaz Ispahani,Name,Parliament,Org
Robert Gates,Name,Defense,Org
Obama,Name,Pentagon,Org
Obama,Name,Pentagon,Org
Jake,Name,OTR,Org
Clinton,Name,U.N. Conference,Org
Tom Donohue,Name,Commerce and Robert Wood Johnson Foundations Rise Lavizzomourey,Org
Tom Donohue,Name,Chamber of Commerce and Robert Wood Johnson Foundations,Org
Tom Donohue,Name,of Commerce and Robert Wood Johnson Foundations Rise,Org
Jeff Kindler,Name,Pfizer,Org
Jeff Kindler,Name,PhRMA,Org
Richard Durbin,Name,Senate Judiciary Committee,Org
Bush,Name,Parliament,Org
Lyn Lusi,Name,Heal Africa,Org
Obama,Name,White House,Org
Max Baucus,Name,Senate Finance Committee,Org
Pelosi,Name,House,Org
Charles,Name,Koch Industries,Org
Joe,Name,Hrc,Org
J. Ann Selzer,Name,Selzer & Co.,Org
Anne-Marie Slaughter,Name,State Department,Org
Obama,Name,Muslim,Org
Gideon Rachman,Name,White House,Org
Obama,Name,Al Qaeda,Org
John F. Kennedys,Name,Army,Org
Lamar Alexander,Name,Senate,Org
Sarah Binder,Name,George Washington University,Org
Clintons,Name,Obamas,Org
Joe Solmonese,Name,Human Rights Campaign,Org
Bush,Name,Taliban,Org
Cameron,Name,UUP,Org
George W. Bush,Name,Nato,Org
Dobbins,Name,Coalition Provisional Authority,Org
Kevin Spacey,Name,HBO,Org
Maryse Kedar,Name,Aristide Foundation,Org
Louise Ivers,Name,PIH,Org
Louise Ivers,Name,US Army,Org
Miguel E. Rodriguez,Name,Senate Affairs Bureau of Legislative Affairs U.S. Department,Org
Miguel E. Rodriguez,Name,Bureau of Legislative Affairs U.S. Department of State,Org
al Qaeda,Name,Taliban,Org
Nigal Dodds,Name,Robinsons,Org
Nigal Dodds,Name,DUP,Org
Hillary,Name,Neera Tanden,Org
Hillary Clinton,Name,State,Org
Steven Dunaway,Name,U.S.-China Economic Relationship,Org
Rahm Emanuel,Name,White House,Org
Cbama,Name,Justice Department,Org
Boehner,Name,House,Org
Cheryl,Name,Mills,Org
Stephen Prothero,Name,Boston University,Org
Leslie H. Gelb,Name,New York Times,Org
McChrystal,Name,Joint Special Operations Command,Org
Abu Musab al-Zarqawi,Name,Al Qaeda,Org
McChrystal,Name,Navy Seal,Org
Ford,Name,Congress,Org
Skousens,Name,Stanford,Org
Obama,Name,Senate,Org
David Cameron,Name,House of Commons,Org
David H. Petraeus,Name,Central Intelligence Agency,Org
Hatikvah,Name,Knesset,Org
Hatikvah,Name,National Union Party,Org
David Miliband,Name,Labour Party,Org
Glenn Thrush,Name,Rahm,Org
Beck,Name,Kochs,Org
David,Name,Koch Industries,Org
Lona Valmoro,Name,State,Org
Reid,Name,Senate,Org
Peter,Name,Sky News,Org
Alistair,Name,Alastait Campbell,Org
Peter,Name,Alliance Party,Org
Sodini,Name,Obamas,Org
Yitzhak Rabin,Name,Tea Party,Org
Simon Johnson,Name,International Monetary Fund,Org
Sybil,Name,White House,Org
Weiner,Name,Congress,Org
Jeffrey M. Jones,Name,USA Today/Gallup,Org
George W. Bush,Name,American Enterprise Institute,Org
ODonnell,Name,Tea Party,Org
Obama,Name,Acorn,Org
Daley,Name,Northwest Side,Org
Robert Gibbs,Name,White House,Org
Ed Wang,Name,Buffalo Bills,Org
Cameron,Name,Congress,Org
David Cameron,Name,Congress,Org
Cameron,Name,US Congress,Org
Cameron,Name,Congress,Org
Clinton,Name,NFL,Org
Gregg,Name,House,Org
MARK LANDLER,Name,State,Org
Obama,Name,Harvard Law School,Org
Lona Valmoro,Name,State,Org
Obama,Name,U.S. Senate,Org
Dick Armey,Name,Tea Party,Org
Anne-Marie Slaughter,Name,Policy Planning U.S. Department of State,Org
Saddam Hussein,Name,Peoples Mojahedin of Iran,Org
Cheryl,Name,Mills,Org
Ashton,Name,Mitchell,Org
Henry Waxman,Name,Energy & Commerce Chair,Org
Baucus,Name,White House,Org
Baucus,Name,White House,Org
Baucus,Name,Energy & Commerce,Org
Anne-Marie Slaughter,Name,Policy Planning U.S. Department of State,Org
Drew Maloney,Name,Ogilvy Government Relations,Org
Boehner,Name,House,Org
Obama,Name,Reuters,Org
Vivian Redding,Name,EU,Org
Boehner,Name,House,Org
Jamal Place,Name,DCFS,Org
Joyce McCarran,Name,Stormont,Org
Sullivan,Name,Jacob Colombia Defense Cooperation,Org
Benjamin Netanyahu,Name,Time,Org
Davis,Name,Percent Pls,Org
Obama,Name,Congress,Org
Biden,Name,Rolling Stone,Org
Fallon,Name,White House,Org
Fallon,Name,Esquire,Org
McChrystal,Name,State,Org
Boehner,Name,GOP,Org
Eikenberry,Name,New York Times,Org
Noriega,Name,Visions America,Org
Yoo Ho-yeol,Name,Korea University,Org
Beck,Name,Fox News,Org
Robinson,Name,DUP,Org
Woodward,Name,Assembly,Org
Woodward,Name,State,Org
Edward Luca,Name,Financial Times Washington Bureau,Org
Edward Luca,Name,Center for American Progress,Org
Jahn,Name,White House,Org
Brimmer,Name,A/S Campbell,Org
Jasper Obakrairur,Name,United States Marines,Org
Jim Grant,Name,ORT,Org
Cheryl D,Name,Mills,Org
Obama,Name,White House,Org
Cherie,Name,GSMA,Org
Stupak,Name,House,Org
Rangel,Name,House,Org
Goodwin,Name,Sen Feinstein,Org
Lona Valmoro,Name,State,Org
Ginsburg,Name,Citizens United,Org
Netf,Name,House,Org
Dean Debnam,Name,Massachusetts Senate,Org
Cheryl,Name,Mills,Org
Obama,Name,White House,Org
Eisenhower,Name,Agriculture,Org
Skousen,Name,Church of Latter Day Saints,Org
Skousens,Name,National Center for Consti,Org
Skousens,Name,John Birch Society,Org
Hubert Humphrey,Name,Senate,Org
Anne-Marie Slaughter,Name,Policy Planning U.S. Department of State,Org
Sean Hannity,Name,Fox News,Org
Cheryl,Name,Mills,Org
Venable,Name,Tea Party,Org
Deuel,Name,DCFS,Org
Stuart Beck,Name,United Nations,Org
Richard Viguerie,Name,Tea Party,Org
Beck,Name,Tea Party,Org
Cheryl,Name,Mills,Org
Mack,Name,Tea Party,Org
Kenneth Batten,Name,Senate,Org
Cheryl,Name,Mills,Org
Clinton,Name,State Department,Org
Charles,Name,Senate,Org
Cheryl,Name,Mills,Org
Stevens,Name,Citizens United,Org
Michel Kaminski,Name,European Parliament,Org
Michel Kaminski,Name,Justice,Org
Cheryl D,Name,Mills,Org
Bob Gates,Name,U.S. Department,Org
Max Baucus,Name,NBA,Org
Jim Manley,Name,Senate,Org
John Podesta,Name,CIA,Org
Emanuel,Name,White House,Org
Hillary Clinton,Name,State,Org
Bush,Name,Congress,Org
Bauer,Name,Investigative Fund,Org
Bauer,Name,Fattal,Org
Lona Valmoro,Name,Jake Sullivan Joint Interview MS,Org
Clintons,Name,White House,Org
Brown,Name,Blairs,Org
Jeffrey Feltman,Name,Bureau of Near Eastern Affairs Department of State,Org
Cheryl,Name,Mills,Org
YouGov,Name,Labour,Org
YouGov,Name,Sunday Times,Org
Hillary Clinton,Name,State,Org
de Mistura,Name,ISAF,Org
Mullen,Name,CENTCOM,Org
Alan K Ota,Name,CQ Staff House,Org
Hill,Name,GOP,Org
Hill,Name,House,Org
Nowakowski,Name,House,Org
Cheryl D,Name,Mills,Org
Sullivan,Name,Mills,Org
Arroyos,Name,Combat Outpost JFM,Org
Ashton,Name,Economist,Org
Ashton,Name,EU,Org
Solis,Name,Verification Commission,Org
Ricardo Lagos,Name,U.S. Delegation,Org
Max Baucus,Name,Finance Committee,Org
Jean Quatremer,Name,EU,Org
Wendy R. Sherman,Name,Stonebridge Group,Org
R. Sherman Albright,Name,Stonebridge Group,Org
Giles,Name,Acorn,Org
Mack,Name,Tea Party,Org
Bill Burns,Name,European Commission,Org
Gayle,Name,PPD,Org
Gayle,Name,PPD,Org
Obama,Name,Chamber of Commerce,Org
Yossi Gal,Name,MFA,Org
Yossi Gal,Name,Ministry of Defense COGAT,Org
Cheryl,Name,WI Mills,Org
Clinton,Name,State,Org
Fox,Name,MSNBC,Org
McCaskill,Name,Levin's Armed Services Committee,Org
McCaskill,Name,Homeland Security Committee,Org
Albright,Name,Global Development,Org
Dominic Mohan,Name,The Sun,Org
Abedin,Name,Mills,Org
Leslie H. Gelb,Name,New York Times,Org
John Murtha,Name,House,Org
Laurie Laurie Rubiner,Name,Policy and Advocacy Planned Parenthood Federation of America,Org
Laurie Laurie Rubiner,Name,Public Policy and Advocacy Planned Parenthood Federation of,Org
Mitch McConnell,Name,Senate,Org
Mitch McConnell,Name,Defense Department,Org
Debra Bowen,Name,Obamas,Org
Debra Bowen,Name,state,Org
Debra Bowen,Name,Californias,Org
Sweig,Name,Congress,Org
Douglas Schwartz,Name,Quinnipiac University Poll,Org
Sandy,Name,USIP,Org
Zelaya,Name,Organization of American States,Org
Taitz,Name,Big House,Org
Taitz,Name,White House,Org
Obama,Name,Congress,Org
Glenn Beck,Name,Fox News,Org
Nancy Pelosi,Name,House of Representatives,Org
Hitler,Name,Obamas,Org
Ukip,Name,BNP,Org
Eliot Engel,Name,Mills,Org
Gideon Levy,Name,Haaretz,Org
Bernard Avishai,Name,Obama Administration,Org
Jim Allister,Name,DUP,Org
Robinson,Name,McG,Org
Empey,Name,McG,Org
Coburn,Name,Senate,Org
Shaun,Name,COS,Org
Stanley A McChrystal,Name,NATO,Org
Bauer,Name,Fattal,Org
Bolton,Name,ICC,Org
Petraeus,Name,White House,Org
Stanley McChrystal,Name,Army,Org
Andrew J. Shapiro,Name,Political-Military Affairs Department,Org
Lavrov,Name,UN,Org
Tauzin,Name,White House,Org
Tauzin,Name,White House,Org
Tauzin,Name,PhRMA,Org
Tauzin,Name,PhRMA,Org
Baucus,Name,Times,Org
Baucus,Name,White House,Org
Mir Hussein Musavi,Name,Preliminary Analysis of Voting Figures,Org
Wm. Hague,Name,EU,Org
Melanne S. Verveer,Name,Global Womens Issues U.S. Department,Org
Calio,Name,Citigroup,Org
Nancy Pelosi,Name,Time Magazine,Org
Linda Lingle,Name,Treasury,Org
Linda Lingle,Name,APEC Conference,Org
Taab,Name,Etelaat Sepah,Org
Cheryl,Name,Mills,Org
Ford,Name,NBC,Org
Faraz Sanei,Name,Human Rights Watch,Org
Mottaki,Name,Amorim,Org
Cameron,Name,Parliament,Org
Peter Robinson,Name,SDLP,Org
Michael H. Fuchs,Name,U.S. Department of State,Org
Amrullah Saleh,Name,Karzais,Org
Saleh,Name,ISI,Org
Saleh,Name,Taliban,Org
Saleh,Name,Taliban,Org
Karzai,Name,ISI,Org
Shah,Name,Gates Foundation,Org
Shah,Name,University of Pennsylvania School of Medicine,Org
Raj Shah,Name,Research,Org
Raj Shah,Name,Education and Economics,Org
Sid Tony,Name,EU,Org
Chernick,Name,Washington Institute for Near East Policy,Org
Chernick,Name,AIPAC,Org
Chiang Mai,Name,New Life Center,Org
Mahmud Ahmadinejad,Name,Ministry of Interior,Org
Leslie H. Gelb,Name,New York Times,Org
Podesta,Name,White House,Org
Podesta,Name,Centre for American Progress,Org
Netanyahu,Name,Blair House,Org
Pat Moon,Name,SCA,Org
Pat Moon,Name,SCA,Org
Barbara Feinman,Name,HRC,Org
Netanyahu,Name,Israel Radio,Org
Quinn,Name,HRC,Org
Bill,Name,Dick Cheney Lobbyist Energy,Org
Henry Kissinger,Name,State,Org
Nixon,Name,State Department,Org
Ken Loach,Name,Israeli Embassy,Org
Rubin,Name,WJC,Org
Rubin,Name,NY Senate,Org
Ming,Name,Three Kingdoms,Org
Cheryl,Name,WI Mills,Org
Harry Reid,Name,Senate,Org
Richard Holbrooke,Name,George Washington University Hospital,Org
Susan Rice,Name,United States UN,Org
Karen Davis,Name,Commonwealth Fund,Org
Yitzhak Rabin,Name,Tea Party,Org
Gordon,Name,Labour,Org
Gordon,Name,Labour,Org
David,Name,Labour,Org
Nowakowski,Name,Capitol Hill,Org
Obama,Name,Senate,Org
Durbin,Name,Senate Judiciary,Org
Reid,Name,Senate,Org
Cheryl,Name,Mills,Org
Clinton,Name,State Department,Org
Cheryl,Name,Mills,Org
James F. Dobbins,Name,Taliban,Org
Kirk,Name,NSC,Org
Romney,Name,Muslim Brotherhood,Org
John L. Espinoza,Name,Conflicts Bureau of European and Eurasian Affairs Department,Org
John L. Espinoza,Name,and Regional Conflicts Bureau of European and Eurasian,Org
John L. Espinoza,Name,Caucasus Affairs and Regional Conflicts Bureau of European,Org
John L. Espinoza,Name,Regional Conflicts Bureau of European and Eurasian Affairs,Org
John L. Espinoza,Name,Office of Caucasus Affairs and Regional Conflicts Bureau,Org
John L. Espinoza,Name,Affairs and Regional Conflicts Bureau of European and,Org
John L. Espinoza,Name,of Caucasus Affairs and Regional Conflicts Bureau of,Org
Hoagland,Name,Cingular Xpress Mail,Org
Obama,Name,ACORN,Org
Jake,Name,AMS,Org
Stevens,Name,Foreign Service,Org
Obama,Name,White House,Org
Frattini,Name,Mitchell,Org
Huma Abedin,Name,AAR,Org
Orzala Ashraf,Name,Kabul Conference,Org
Stephen Biddle,Name,Council on Foreign Relations,Org
Harold Hongju Koh,Name,Legal Adviser U.S. Department of State,Org
Obama,Name,Congress,Org
Crocker,Name,Texas A&M University,Org
Gore,Name,WJC,Org
Pierre Louis,Name,Nias Multi-Donor Trust Fund,Org
Cheryl,Name,Mills,Org
Michelle Fluornoy,Name,DOD,Org
Jacqueline Newmyer,Name,Long Term Strategy Group,Org
Frank Luntz,Name,Republican,Org
Richard Holbrooke,Name,Obamas,Org
Clinton,Name,State Department,Org
Jake Sullivan,Name,Brookings Sorry,Org
Obama,Name,Congress,Org
Rice,Name,House,Org
Scott Morris,Name,Treasurys Office of International Development Finance,Org
Clinton,Name,State,Org
Nigel Morris,Name,Tories,Org
Nigel Morris,Name,Michael Savage Poll,Org
David Cameron,Name,Michael Savage Poll,Org
YouGov,Name,News,Org
Barack Obamas,Name,Congress,Org
Netanyahu,Name,Likud,Org
Netanyahu,Name,Obamas,Org
Netanyahu,Name,Labor Party,Org
Brainard,Name,McKinsey & Co.,Org
Skousen,Name,Time,Org
Skousen,Name,Birch Society,Org
Skousen,Name,American Opinion Speakers Bureau,Org
Skousen,Name,Freemen Institute,Org
Biden,Name,MSNBC,Org
Skousen,Name,Mormon journal Dialogue,Org
Lake,Name,UNICEF,Org
Lake,Name,UNGA,Org
Lake,Name,WFP,Org
Sheeran,Name,WFP,Org
Lona Valmoro,Name,State,Org
Ros Jordan,Name,Al Jazeera,Org
Mukherjee,Name,Ministry of External Affairs,Org
Nick Clegg,Name,Liberal Democrats,Org
Gordon,Name,New Labour,Org
Saddam Hussein,Name,Peoples Mojahedin of Iran,Org
Shah,Name,PA,Org
Melanne S. Verveer,Name,Global Womens Issues U.S. Department,Org
Paul Krugman,Name,New York Times,Org
Peter Robinson,Name,DUP,Org
Richard Cohen,Name,Army,Org
Barack Obama,Name,U.N.,Org
Levins,Name,Goldman Sachs,Org
Sharif,Name,Morenos,Org
Chris Dodd,Name,Banking Committee,Org
Corker,Name,Warner,Org
J. Edgar Hoovers,Name,Mormon,Org
Skousen,Name,F.B.I.,Org
Lyn,Name,Heal Africa,Org
Miguel Estrada,Name,U.S. Court of Appeals,Org
Reich,Name,Honduran supreme court,Org
Reich,Name,House,Org
Robert Muggah,Name,Graduate Institute of International and Development Studies,Org
Thomas Shannon,Name,Senate Foreign Relations Committee,Org
Thomas Shannon,Name,Obamas,Org
Thomas Shannon,Name,Western Hemisphere Affairs,Org
Arturo Valenzuela,Name,Georgetown Universitys Center for Latin American Studies,Org
Robert Maguire,Name,Trinity Washington University,Org
Sharif,Name,El Diario,Org
Valenzuela,Name,Senate Foreign Relations Committee,Org
Madyam,Name,Arab Negev News,Org
Stevens,Name,Foreign Service,Org
Allister,Name,DUP,Org
Barbara Bush,Name,Methodist Hospital,Org
Reg Empey,Name,UUP,Org
Hillary,Name,Best,Org
Cheryl,Name,Mills,Org
Hillary Clinton,Name,State,Org
Catherine Ashton,Name,EU,Org
Lowey,Name,HRC,Org
Fords,Name,Senate,Org
Shapiro,Name,NSC,Org
Dodd,Name,Senate,Org
Ilario Pantano,Name,Tea Party,Org
David Petraeus,Name,CENTCOM,Org
Michael H. Fuchs,Name,U.S. Department of State,Org
Richard Plepler,Name,Post House,Org
Richard Plepler,Name,HBO,Org
Ford,Name,HBO,Org
Fords,Name,Senate,Org
Ronald Perelman,Name,UBS,Org
Bill Perry,Name,Defense Department,Org
Bill Perry,Name,Congress,Org
Bill Perry,Name,Defense,Org
Stephen Hadley,Name,Congress,Org
Stephen Hadley,Name,Defense,Org
Labid Abbawi,Name,MFA,Org
Ford,Name,Brooklyn Democratic Party,Org
Hillary Clinton,Name,United Nations,Org
Geller,Name,New York Times,Org
Lona Valmoro,Name,State,Org
Angela Merkel,Name,Fidesz,Org
Angela Merkel,Name,European People's Party,Org
Angela Merkel,Name,Christian Democratic Union Party,Org
Blair,Name,Sarkozys,Org
Blair,Name,EU,Org
Sarkozy,Name,Nazis,Org
Sarkozy,Name,Roma,Org
Sarkozy,Name,EU,Org
Phillips,Name,Kochs,Org
Phillips,Name,Financial Times,Org
Haider,Name,European Union,Org
Rush Limbaugh,Name,Obamas,Org
Rush Limbaugh,Name,Mercatus Center,Org
Haider,Name,Fidesz,Org
McGuinness,Name,UUP,Org
Ahmadinejad,Name,Mossad,Org
Harold McGraw III,Name,USIBC,Org
Abclel Rahman,Name,NTC,Org
Cheryl,Name,Mills,Org
John Kerry,Name,UNGA,Org
Charles,Name,Kochs,Org
Hillary Clinton,Name,Dove World Outreach Center,Org
Hillary Clinton,Name,State,Org
Charles,Name,Birch Society,Org
Ali Dayan Hasan,Name,Human Rights Watch,Org
Yohannes,Name,MCC,Org
Yohannes,Name,MCC,Org
Friedmans,Name,Medicare,Org
Belhaj,Name,Jalils,Org
al Juwali,Name,NTC,Org
Baucus,Name,Senate,Org
Ed Clark,Name,Libertarian Party,Org
Steve Schwarzman,Name,Blackstone,Org
Lona Valmoro,Name,State,Org
Jalil,Name,ENI,Org
W. Adams St.,Name,Chicago-Kent College of Lew Office of Alumni,Org
Michael H. Fuchs,Name,U.S. Department of State,Org
Jalil,Name,NTC,Org
Murdoch,Name,BBC,Org
Gordon Brown,Name,Labour Party,Org
Gordon Brown,Name,Labour,Org
Margot Wallstrom,Name,UN,Org
Miguel E. Rodriguez,Name,Bureau of Legislative Affairs U.S. Department of State,Org
Miguel E. Rodriguez,Name,Senate Affairs Bureau of Legislative Affairs U.S. Department,Org
Clintons,Name,White House,Org
Obama,Name,Obama Administration,Org
Lord Ashcroft,Name,Conservative Party,Org
Gadhafi,Name,International Criminal Court,Org
Ashton,Name,European Council,Org
Cameron,Name,EPP,Org
Armey,Name,FreedomWorks,Org
Sarah PalM,Name,Tea Party,Org
Sarah PalM,Name,Tea Party,Org
Armey,Name,Tea Party,Org
Ibrahim,Name,GEO,Org
Phil Webster,Name,The Times,Org
Nancy Pelosi,Name,House,Org
Webster,Name,New Labour,Org
Ron Paul,Name,Kentuckys GOP,Org
Palin,Name,Tea Party,Org
Harry Reid,Name,Senate,Org
Betsy McCaughey,Name,Palins,Org
Stupak,Name,RedState.org,Org
Obama,Name,Tea Party,Org
Obama,Name,House,Org
Obama,Name,Capitol,Org
Jim,Name,HRC,Org
Emanuel Cleaver,Name,Capitol,Org
Jim,Name,NPR,Org
Ash Carter,Name,Defense,Org
Sandy Winnefeld,Name,Joint Chiefs of Staff,Org
Clapper,Name,National Intelligence,Org
Thomas Pickering,Name,Congress,Org
John Boehner,Name,House,Org
Mustafa Abdel Jalil,Name,NTC,Org
Mustafa Abdel Jalil,Name,National Transitional Council,Org
Abdel Rahman al-Keib,Name,NTC,Org
Jalil,Name,NTC,Org
Obama,Name,Gallup,Org
Jalil,Name,NTC,Org
Taitz,Name,Big House,Org
Taitz,Name,White House,Org
Adam Gadhan,Name,American al Qaeda,Org
Glenn Beck,Name,Fox News,Org
Netanyahu,Name,Likud,Org
Gayle Tzemach Lemmon,Name,ABC News,Org
Marvin Hier,Name,Simon Wiesenthal Center of Los Angeles,Org
James Murdoch,Name,BBC Trust,Org
Lee,Name,UT,Org
Jack,Name,Piper,Org
Kirk,Name,GOP,Org
Philip J. Crowley,Name,State Department,Org
Fink,Name,Kochs,Org
John Podesta,Name,Center for American Progress,Org
Podesta,Name,Financial Times,Org
Bill Clinton,Name,White House,Org
McChrystal,Name,State Department,Org
Obama,Name,Times of London,Org
Harold Harold Hongju,Name,Legal Adviser U.S. Department of State,Org
Corning,Name,Pepsi,Org
Corning,Name,Microsoft,Org
Cheryl,Name,WJC,Org
Ginsberg,Name,NBA,Org
Wiley Drake,Name,Orange County radio,Org
Alexis de Tocqueville,Name,Senate,Org
Hillary From Sid,Name,Intel,Org
Tocqueville,Name,Senate,Org
Geed Wilders,Name,European and American Islamophobes,Org
Geed Wilders,Name,Cordoba House,Org
Geert Wilders,Name,Dutch People's Party for Freedom and Democracy,Org
Joanne Lasczcych,Name,State Department Operations,Org
Lona Valmoro,Name,State,Org
Geller,Name,Emdish Defense League,Org
MATTHEW LEE,Name,AP,Org
MATTHEW LEE,Name,State,Org
Hillary Rodham Clinton,Name,State,Org
David Foster Wallace,Name,Kenyon College,Org
Arad,Name,IDF Spokesmans Office,Org
Kerry,Name,IAEA,Org
Kevin Rudds,Name,Asia-Pacific Community,Org
Palin,Name,Tea Party,Org
Robert Gates,Name,Defense,Org
Cheryl,Name,Mills,Org
Timothy Geithner,Name,Treasury,Org
Wilders,Name,EDL,Org
Dean Baker,Name,Center for Economic and Policy Research,Org
Mullen,Name,CENTCOM,Org
Dodd,Name,Senate,Org
Corker,Name,Warner,Org
Mitch McConnell,Name,Wall Street,Org
Platts,Name,McGraw-Hill Companies,Org
Platts,Name,MHP,Org
Platts,Name,J.D. Power and Associates,Org
Platts,Name,McGraw-Hill Education,Org
Platts,Name,NYSE,Org
Lona Valmoro,Name,State,Org
Iris Robinsons,Name,Assembly,Org
Iris Robinsons,Name,Ulster Unionist,Org
Reg Empey,Name,Ulster Unionist,Org
Cheryl D Fw,Name,CIA,Org
Sean Smith,Name,State Department,Org
Jacob J AMS,Name,Policy Planning U.S. Department of State,Org
Woodward,Name,BBC Radio,Org
Height,Name,Presidential Medal of Freedom,Org
David Cameron,Name,UUP,Org
George Bush,Name,UUP,Org
Empey,Name,DUP,Org
Peter Robinson,Name,DUP,Org
McGuinness,Name,UUP,Org
Lona Valmoro,Name,State,Org
Robert Gates,Name,Defense,Org
Netanyahu,Name,Palestinian Authority,Org
Cheryl,Name,Mills,Org
Hillary Rodham Clinton,Name,AP,Org
Hillary Rodham Clinton,Name,State,Org
Charles Clarke,Name,Evening Standard,Org
Lona Valmoro,Name,State,Org
Melanne S. Verveer,Name,Global Women's Issues U.S. Department,Org
Cheryl,Name,Mills,Org
Obama,Name,White House,Org
Martin Kramer,Name,Washington Institute for Near East Policy,Org
Lee Bollinger,Name,Columbia,Org
Massad,Name,Columbia,Org
Tamara Wittes,Name,NEA,Org
Jeffrey Feltman,Name,Bureau of Near Eastern Affairs Department of State,Org
Mahathir (Mohamad,Name,ASEAN,Org
David Maziar,Name,Newsweek,Org
Tim Rieser,Name,Senate,Org
Melanne S. Verveer,Name,Global Women's Issues U.S. Department,Org
YouGov,Name,Labour,Org
YouGov,Name,Sunday Times,Org
Brown,Name,Labour,Org
Brown,Name,Labour,Org
Nick Cleggs,Name,Ulsters Democratic Unionist,Org
Bush,Name,National Cancer Advisory Board,Org
Lona Valmoro,Name,State,Org
Deborah Solomon,Name,New York Times Magazine,Org
Obama,Name,Shelbys,Org
Obama,Name,FBI,Org
Shelby,Name,FBI,Org
Amira Hass,Name,Haaretz,Org
Chomsky,Name,Reuters,Org
Chomsky,Name,interior ministry,Org
Robert Gates,Name,Defense,Org
Robert Gates,Name,Joint Chiefs of Staff,Org
Mike Mullen,Name,Defense,Org
Mike Mullen,Name,Joint Chiefs of Staff,Org
Chomsky,Name,Al Jazeera,Org
Barak,Name,UNGA,Org
Paul,Name,Sunlight Foundation,Org
David Koch,Name,National Cancer Advisory Board,Org
Glenn Beck,Name,Fox News,Org
Beck,Name,Tea Party,Org
Judy Miller,Name,NY Times,Org
Rush Limbaugh,Name,Democracy Corps,Org
Sam Bacile,Name,Wall Street Journal,Org
Barad< Obama,Name,Capitol,Org
Jr.,Name,B.U.,Org
James R. Stoner,Name,B.U.,Org
Woodrow Wilson,Name,Federal Reserve System,Org
Eikenberry,Name,State,Org
Crocker,Name,George Bush School of Government,Org
Stupak,Name,RedState.org,Org
Cheryl D,Name,Mills,Org
Obama,Name,Republican Party,Org
Jeannine,Name,Bloomberg,Org
Beck,Name,Fox News,Org
Skousen,Name,Becks,Org
Skousens Leap,Name,Amazon.com,Org
Dodds,Name,Freemens Digest,Org
David Koch,Name,Koch Industries,Org
Andrew Stear,Name,DFID,Org
Brawny,Name,Koch Industries,Org
Randy Neugebauer,Name,House,Org
Jackie Jacqueline Newmyer,Name,Long Term Strategy Group,Org
John Herbst,Name,State,Org
Josh Rogin,Name,CQ Staff House,Org
Palin,Name,Obamas,Org
Kayani,Name,ISI,Org
Kayani,Name,ISI,Org
Kayani,Name,Taliban,Org
Dick Dastardly,Name,ISI,Org
Vicki Kennedy,Name,General Lloyd Austin,Org
Clinton,Name,Argentinas,Org
Musharrafs,Name,ISI,Org
Cheryl,Name,Mills,Org
Pelosi,Name,IMF,Org
Pelosi,Name,IMF,Org
Brock,Name,Media Matters,Org
Steve Bing,Name,Democratic,Org
Peter B. Lewis,Name,Democratic,Org
Obama,Name,White House,Org
Stanley McChrystal,Name,Obamas,Org
Ron Faucheux,Name,Clarus,Org
Victoria Sidjabat,Name,Tempo Magazine,Org
Nora Toiv,Name,State Department Operations,Org
David Koch,Name,National Cancer Institute,Org
Reg Empey,Name,UUP,Org
Varmus,Name,Koch Industries,Org
David H. Koch,Name,Smithsonians National Museum of Natural History,Org
Anne-Marie Slaughter,Name,Policy Planning U.S. Department of State,Org
Obama,Name,State,Org
Miguel del Valle,Name,Tribune,Org
Udall,Name,House,Org
Levar,Name,Northwest Side,Org
Schumer,Name,Rules Committee,Org
Emanuel,Name,ABC News,Org
David Cameron,Name,UUP,Org
David Koch,Name,Republican Governors Association,Org
George Soros,Name,Open Society Institute,Org
McChrystal,Name,NATO,Org
Gus diZerega,Name,Kochs,Org
George Miller,Name,Reps. Barney Frank,Org
Daniel K. Inouye,Name,Senate Appropriations Committee,Org
Amano,Name,IAEA,Org
James P. Moran,Name,House,Org
Giles,Name,ACORN,Org
Mary Landrieu,Name,ACORN,Org
Cheryl,Name,Mills,Org
Miguel E. Rodriguez,Name,Senate Affairs Bureau of Legislative Affairs U.S. Department,Org
Miguel E. Rodriguez,Name,Bureau of Legislative Affairs U.S. Department of State,Org
Hillary Clinton,Name,State,Org
Tommy Franks,Name,U.S. Central Command,Org
Rohitha Bogollagama,Name,State Department,Org
Clinton,Name,United Nations Security Council,Org
Smith,Name,Commonwealth Office,Org
Obama,Name,White House,Org
Jacqueline Newmyer,Name,Long Term Strategy Group,Org
Matt Finkelstein,Name,Senate,Org
Mustafa Abdel Jalil,Name,Libyan National Transitional Council,Org
Mustafa Abdel Jalil,Name,NTC,Org
Ali Ansari,Name,Institute of Iranian Studies,Org
Ali Ansari,Name,Institute of Iranian Studies,Org
Ali Ansari,Name,Chatham House,Org
Ali Ansari,Name,University of St Andrews,Org
Ali Ansari,Name,University of St Andrews Preliminary Analysis,Org
Thomas Rintoul,Name,Chatham House,Org
Thomas Rintoul,Name,Islam and Democracy Research and Analysis,Org
Thomas Rintoul,Name,University of St Andrews,Org
Thomas Rintoul,Name,Institute of Iranian Studies,Org
Daniel Berman,Name,Chatham House,Org
Daniel Berman,Name,Islam and Democracy Research and Analysis,Org
Gianfranco Fini,Name,Fascist Party,Org
Gianfranco Fini,Name,Northern League,Org
Umberto Bossi,Name,Northern League,Org
Ho,Name,United Nations,Org
Parlak,Name,FBI,Org
Hillary Clinton,Name,State,Org
Parlak,Name,Justice Departments Immigration,Org
Brown,Name,St Andrews,Org
Brown,Name,Working Group,Org
CODEL Webb,Name,Aung San Suu Kyi High,Org
Cheryl,Name,NI Mills,Org
Viktor Orban,Name,Fidesz,Org
Carl Levin,Name,United Nations,Org
Carl Levin,Name,Senate Armed Services Committee,Org
Oszkar Molnar,Name,Fidesz,Org
Jobbik,Name,National Front,Org
Mirek Topolanek,Name,ODS Party,Org
R. Sherman Albright,Name,Stonebridge Group,Org
Wendy R. Sherman,Name,Stonebridge Group,Org
Boehner,Name,House,Org
Stupak,Name,US Conference of Catholic Bishops,Org
S. A/S Gordon,Name,PA,Org
Sullivan,Name,PA,Org
Ripley,Name,Smithsonian,Org
Baucus,Name,White House,Org
Janine Zacharia,Name,Bloomberg,Org
Janine Zacharia,Name,Boeing,Org
Jake,Name,Boeing,Org
Jackson,Name,CVC,Org
Eli Yishai,Name,Shas,Org
Baucus,Name,White House,Org
Susan E. Rice,Name,United Nations,Org
Harry Reid,Name,Senate,Org
Angel Gurria,Name,OECD,Org
Angel Gurria,Name,OECD,Org
Tom Daschle,Name,Senate,Org
Paul Volcker,Name,National Economic Council,Org
Chris,Name,Foreign Service,Org
Tom Hill,Name,AEA Investors,Org
Tom Hill,Name,Blackstone,Org
Matt Baggott,Name,Police Service,Org
Martin McGuinness,Name,Sinn Feins,Org
Obama,Name,Barney Frank,Org
Newt Gingrich,Name,Senate,Org
Newt Gingrich,Name,Facebook,Org
Newt Gingrich,Name,House,Org
Palin,Name,Facebook,Org
Charles Grassley,Name,House,Org
McAllister,Name,Southwest Regional Champs,Org
Liz Cheney,Name,CNN,Org
Brainard,Name,MIT Sloan School of Management,Org
Sheldon Solomon,Name,Skidmore College,Org
Jeff Greenberg,Name,University of Arizona,Org
Tom Pyszczynski,Name,University of Arizona,Org
Charles Koch,Name,Claude R. Lambe Charitable Foundation,Org
Freshour,Name,Missionaries of Charity,Org
Chuck Johnson,Name,National Council,Org
Willie Frazer,Name,Families Acting for Innocent Relatives,Org
McGuinness,Name,IRA,Org
Frazer,Name,Sinn Fein,Org
David Ford,Name,Alliance,Org
Frazer,Name,DUP,Org
Chernick,Name,Spencers Jihad Watch,Org
Helene Cooper,Name,ABC News,Org
Helene Cooper,Name,New York Times,Org
Helene Cooper,Name,L.A. Times,Org
Doyle McManus,Name,L.A. Times,Org
Jake Tapper,Name,L.A. Times,Org
Squier,Name,Tories,Org
Squier,Name,Dunn Communications,Org
Knapp,Name,Dunn Communications,Org
Barack Obama,Name,Democratic Party,Org
Fred,Name,M.I.T.,Org
Knapp,Name,Conservative,Org
Anne Kornblut,Name,White House,Org
Hillary Clinton,Name,State,Org
I.M. Pei,Name,Commerce,Org
I.M. Pei,Name,Energy,Org
Gary Locke,Name,Energy,Org
Jim Jones,Name,White House,Org
Cheryl,Name,Context Mills,Org
Meckfessel,Name,American Special Operations,Org
Melanne Verveer,Name,State,Org
Oren,Name,Intel,Org
David Petraeus,Name,Brigham Young,Org
Brownfield,Name,UNGA,Org
Brownfield,Name,MCC,Org
Obama,Name,US Special Forces,Org
Barack Obama,Name,Treasury for International Affairs,Org
Nero,Name,Senate,Org
Olympia,Name,Snowe Supports Senate,Org
Lona Valmoro,Name,State,Org
Bolkstein,Name,Royal Dutch Shell,Org
Douglas Nelson,Name,Labour Markets,Org
Douglas Nelson,Name,Elgar,Org
Ata Abu Madyam,Name,Negev News,Org
Woodrow Wilson,Name,Federal Reserve System,Org
Woodrow Wilson,Name,Colonel House,Org
Beck,Name,House,Org
Beck,Name,Federal Reserve,Org
Eustace Mullins,Name,Federal Reserve,Org
Sarah,Name,Mount Herzl,Org
Yoni,Name,IDF,Org
Larry Summers,Name,Rahm,Org
Richards,Name,Keefs Guitar Workshop,Org
Antonio,Name,John Birch Society,Org
Jeff Jacoby,Name,Boston Globe,Org
Philip Martin,Name,National Public Radio,Org
Cheryl,Name,Mills,Org
Hillary Clinton,Name,State,Org
Alan McFarland,Name,UUP,Org
Melanne,Name,GOSL,Org
Glenn Winuk,Name,DOJ,Org
Paterson,Name,White House,Org
Jay,Name,DOJ,Org
Gilead Shalit,Name,Hamas,Org
Patrick Cockburn,Name,London Independent,Org
Tony Blair,Name,VVJC,Org
Tony Blair,Name,Die Welt,Org
Tony Blair,Name,EU,Org
Jim Clyburn,Name,House,Org
Donna Brazile,Name,Congressional Black Caucus,Org
Diego Garcia,Name,CIA,Org
Reagan,Name,United States Institute of Peace Act,Org
Chris Stevens,Name,HRC,Org
David Goldwyn,Name,ECPA,Org
Robert Gibbs,Name,White House,Org
Manley,Name,White House,Org
Obama,Name,Congress,Org
MARK LANDLER,Name,New York Times Thu,Org
Holbrooke,Name,General Petraeus,Org
Mara Rudman,Name,Mitchell,Org
Bush,Name,White House,Org
Crocker,Name,George Bush School of Government,Org
Clinton,Name,State,Org
Clinton,Name,Quadrennial Diplomacy and Development Review,Org
Clinton,Name,State Department,Org
Clinton,Name,CNN,Org
Biden,Name,CNN,Org
Palin,Name,CNN,Org
Michael H. Fuchs,Name,U.S. Department of State,Org
Hillary Clintons,Name,CNN/Opinion Research Corporation,Org
Hillary Clintons,Name,State,Org
Matsunaga,Name,Commission,Org
Matsunaga,Name,Matsunaga Commission,Org
Deborah McCarthy,Name,Ta Nea,Org
Bush,Name,White House,Org
Holbrooke,Name,Taliban,Org
Netanyahu,Name,Sipa Press,Org
Netanyahu,Name,Obamas,Org
Gary Fabiano,Name,Obamas,Org
Reid,Name,Senate,Org
Caroline Adler,Name,PA,Org
Kris,Name,LLC Marty,Org
Arab,Name,HRC,Org
Obama,Name,White House,Org
Yanukovych,Name,UNGA,Org
Hillary Clinton,Name,State,Org
Clinton,Name,White House,Org
Hillary Clinton,Name,State,Org
Hillary Clinton,Name,State,Org
Dick Durbin,Name,Senate,Org
Clinton,Name,State,Org
Norman Augustine,Name,Amb,Org
Norman Augustine,Name,Lockheed Martin,Org
Empey,Name,State,Org
Obama,Name,Haaretz,Org
Nora Toiv,Name,State Department Operations,Org
Jibril,Name,INC,Org
Jibril,Name,UN Security Council,Org
Durbin,Name,White House,Org
Durbin,Name,NCO,Org
Melanne Verveer,Name,Global Womens,Org
Ros-Lehtinen,Name,House,Org
Ros-Lehtinen,Name,Foreign Affairs committee,Org
Ros-Lehtinen,Name,GOP,Org
Obama,Name,York Review of Books In the Bitter New,Org
Obama,Name,New York Review of Books In the Bitter,Org
Obama,Name,Review of Books In the Bitter New Washington,Org
Jalil,Name,TNC,Org
Lona Valmoro,Name,State,Org
Peter,Name,New Labour,Org
Peter,Name,New Labour,Org
Susan Rice,Name,United Nations,Org
Celso Amorim,Name,Xinhua,Org
Leslie H. Gelb,Name,New York Times,Org
Andrew J. Shapiro,Name,Political-Military Affairs Department,Org
Obama,Name,White House,Org
Lona Valmoro,Name,State,Org
Eldar,Name,New York Times,Org
Cheryl,Name,Mills,Org
Obama,Name,White House,Org
Gary Sick,Name,National Security Council,Org
Lugar,Name,USDA,Org
PAO,Name,Washington File,Org
Eldar,Name,Abba Eban,Org
Teddy Kollek,Name,Israel Radio,Org
Teddy Kollek,Name,Haaretz,Org
Eldar,Name,Haaretz,Org
Palgrave,Name,St Martins) Press,Org
Eldar,Name,Haaretz U.S. Bureau,Org
Lona Valmoro,Name,State,Org
Bush,Name,Facebook,Org
Khaled Meshal,Name,Hamas,Org
Esther,Name,UN Security Council Reform,Org
Peter,Name,Royal Mail,Org
Dee,Name,Senate,Org
Rivkin,Name,International Cooperation in Haiti Examples of Post,Org
ileana Ros-Lehtinen,Name,PS' Incoming House Foreign Affairs,Org
Andrea Mitchell,Name,MSNBC,Org
Holbrooke,Name,UN,Org
Lehtinen,Name,United Nations,Org
Cheryl,Name,Mills,Org
Hillary Clinton,Name,State,Org
Michael H. Fuchs,Name,U.S. Department of State,Org
Elise Labatt,Name,CNN,Org
VM Momoima,Name,North Carolina State University,Org
Lauren,Name,Jiloty,Org
Benjamin Netanyahu,Name,White House,Org
Clinton,Name,Barnard College,Org
Keating Holland,Name,GOP,Org
Keating Holland,Name,CNN,Org
Abbas,Name,Palestinian Authority,Org
Abbas,Name,Hamas,Org
Fayyad,Name,Hamas,Org
Sid raw Westen,Name,Emory University,Org
Jacob J;,Name,Mills,Org
Jim Steinberg,Name,HRC,Org
Reg Empey,Name,UUP,Org
Mary Robinson,Name,Global Leaders Council on Reproductive Health,Org
Cheryl,Name,Mills,Org
Cheryl,Name,Mills,Org
Max Baucus,Name,Senate Finance,Org
Palin,Name,White House,Org
Sean McCormack,Name,State Condoleezza Rices,Org
Karl Rove,Name,House,Org
Martin McGuinness,Name,Sinn Fein,Org
Martin McGuinness,Name,UUP,Org
John Boehner,Name,Republican,Org
Michal Kaminsky,Name,Polands Law and Justice Party,Org
McChrystal,Name,State Department,Org
Michelles,Name,Obamas,Org
Teddy Kollek,Name,Haaretz,Org
Hillary Clinton,Name,State,Org
Hillary Clinton,Name,Obama Administration,Org
Patricia Lynch,Name,Assembly,Org
Tina Browns,Name,Vanity Fair,Org
Tina Browns,Name,Washington Post,Org
Blumenthal,Name,Washington Post,Org
Robert Gates,Name,Defense,Org
Tony Blair,Name,Conservative Party,Org
Andrew Extnn,Name,Center for a New American Security,Org
Cheryl,Name,HRC,Org
Cheryl,Name,Mills,Org
Michele Flournoy,Name,Defense,Org
Karl Rove,Name,Congress,Org
Richard Holbrooke,Name,House of Representatives,Org
Bill Burns,Name,HRC,Org
Cameron,Name,US Congress,Org
Qadhafi,Name,UNSC,Org
Qadhafi,Name,HRC,Org
Gaddafi,Name,HRC,Org
David Miliband,Name,Labour,Org
David Miliband,Name,Labour,Org
Nancy Petosi,Name,House,Org
Bill Burton,Name,White House,Org
Netanyahu,Name,White House,Org
Hillary Rodham Clinton,Name,State,Org
Cheryl D,Name,Mills,Org
Clinton,Name,Barnard College,Org
Biden,Name,Congress,Org
Qadhafi,Name,NATO,Org
Abu Dhabi,Name,HRC,Org
Sylvia Hermon,Name,UUP,Org
Cameron,Name,Tory Party,Org
Gordon,Name,Labour,Org
Huma,Name,AGOA,Org
Crocker,Name,Texas A&M University,Org
Alfred,Name,Sipa,Org
Sam Brownback,Name,Appropriations Committee,Org
Hillary Rodham Clinton,Name,State,Org
Nita Lowey,Name,House Appropriations State,Org
Cheryl,Name,Mills,Org
Kitutu Chache,Name,National Development,Org
Sid Below,Name,Israeli TV News Channel Ten,Org
Petraeus,Name,Princeton,Org
Eikenberry,Name,Princeton,Org
Cheryl,Name,Mills,Org
Robinson,Name,McG,Org
Robinson,Name,McG,Org
Reid,Name,Senate,Org
Melanne S. Verveer,Name,Global Women's Issues U.S. Department,Org
Obama,Name,State Canton,Org